{
	"pages": [
		//pages数组中第一项表示应用启动页，参考：https://uniapp.dcloud.io/collocation/pages
		{
			"path": "pages/tabbar/logn",
			"style": {
				"navigationBarTitleText": "答复CBD"
			}
		},
		{
			"path": "pages/tabbar/tabbar-1/tabbar-1",
			"style": {
				"navigationBarTitleText": "答复CBD"
			}
		},
		{
			"path": "pages/tabbar/tabbar-2/tabbar-2",
			"style": {}
		},
		{
			"path": "pages/tabbar/tabbar-3/tabbar-3",
			"style": {}
		},
		{
			"path": "pages/tabbar/tabbar-4/tabbar-4",
			"style": {}
		},
		{
			"path": "pages/tabbar/tabbar-5/tabbar-5",
			"style": {}
		},
		{
			"path": "pages/tabbar/tabbar-9/tabbar-9",
			"style": {}
		},
		{
			"path": "pages/tabbar-3-detial/tabbar-3-release/tabbar-3-release",
			"style": {}
		},
		{
			"path": "pages/tabbar-3-detial/tabbar-3-video/tabbar-3-video",
			"style": {}
		},
		{
			"path": "pages/tabbar-3-detial/tabbar-3-qa/tabbar-3-qa",
			"style": {}
		},
		{
			"path": "pages/tabbar/tabbar-1/yonghuquan/yonghuquan",
			"style": {}
		},
		{
			"path": "pages/tabbar/tabbar-1/shouyefenlei",
			"style": {}
		},
		{
			"path": "pages/tabbar/tabbar-3/fabiaodongtai",
			"style": {}
		},
		{
			"path": "pages/tabbar/tabbar-3/chanpinfabu",
			"style": {}
		},
		{
			"path": "pages/tabbar/tabbar-3/huodongfabu",
			"style": {}
		},
		{
			"path": "pages/tabbar/tabbar-3/shitifabu",
			"style": {}
		},
		{
			"path": "pages/tabbar/tabbar-3/xiangmufabu",
			"style": {}
		},
		{
			"path": "pages/tabbar/tabbar-3/xunichanpinfabu",
			"style": {}
		},
		{
			"path": "pages/tabbar/tabbar-3/zixunfabu",
			"style": {}
		},
		{
			"path": "pages/tabbar/tabbar-4/goumai",
			"style": {}
		},
		{
			"path": "pages/tabbar/tabbar-4/shoucang",
			"style": {}
		},
		{
			"path": "pages/tabbar/tabbar-4/xiangqing",
			"style": {}
		},
		{
			"path": "component/details",
			"style": {}
		},
		{
			"path": "pages/tabbar/tabbar-7/tabbar-7",
			"style": {}
		},
		{
			"path": "pages/tabbar/tabbar-6/tuiguanghaibao",
			"style": {}
		},
		{
			"path": "pages/tabbar/tabbar-6/wodedingdan",
			"style": {}
		},
		{
			"path": "pages/tabbar/tabbar-6/wodeguanzhu",
			"style": {}
		},
		{
			"path": "pages/tabbar/tabbar-6/wodeshoucang",
			"style": {}
		},
		{
			"path": "pages/tabbar/tabbar-6/shenhefankui",
			"style": {}
		},
		{
			"path": "pages/tabbar/tabbar-6/renzhengguanli",
			"style": {}
		},
		{
			"path": "pages/tabbar/tabbar-8/tixian",
			"style": {}
		},
		{
			"path": "pages/tabbar/tabbar-10/tabbar-10",
			"style": {}
		},
		{
			"path": "pages/tabbar/tabbar-10/heikashangjia",
			"style": {}
		},
		{
			"path": "pages/tabbar/tabbar-10/heikatongguo",
			"style": {}
		}
	],
	"globalStyle": {
		"navigationBarTextStyle": "black",
		"navigationBarTitleText": "uni-app",
		"navigationBarBackgroundColor": "#F8F8F8",
		"backgroundColor": "#F8F8F8"
	},
	"tabBar": {
		"borderStyle": "black",
		"backgroundColor": "#333",
		"color": "#8F8F94",
		"selectedColor": "#f33e54",
		"list": [{
				"pagePath": "pages/tabbar/tabbar-1/tabbar-1",
				"iconPath": "static/img/tabbar/home.png",
				"selectedIconPath": "static/img/tabbar/homeactive.png",
				"text": "首页"
			},
			{
				"pagePath": "pages/tabbar/tabbar-2/tabbar-2",
				"iconPath": "static/img/tabbar/guanzhu.png",
				"selectedIconPath": "static/img/tabbar/guanzhuactive.png",
				"text": "发现"
			},
			//#ifdef MP-WEIXIN
			{
				"pagePath": "pages/tabbar/tabbar-3/tabbar-3",
				"iconPath": "static/img/tabbar/add.png",
				"selectedIconPath": "static/img/tabbar/addactive.png",
				"text": "发布"
			},
			//#endif
			//#ifndef MP-WEIXIN
			{
				"pagePath": "pages/tabbar/tabbar-3/tabbar-3",
				"iconPath": "static/img/tabbar/add.png",
				"selectedIconPath": "static/img/tabbar/addactive.png"
			},
			//#endif
			{
				"pagePath": "pages/tabbar/tabbar-4/tabbar-4",
				"iconPath": "static/img/tabbar/news.png",
				"selectedIconPath": "static/img/tabbar/newsactive.png",
				"text": "消息"
			},
			{
				"pagePath": "pages/tabbar/tabbar-5/tabbar-5",
				"iconPath": "static/img/tabbar/me.png",
				"selectedIconPath": "static/img/tabbar/meactive.png",
				"text": "我的"
			}
		]
	}
}
